0, Fast Xombie, Normal, Spoiler, Aberration, Bestiary 2,257
0, Giant Ant, Normal, Troop, Beast, 13th Age Core Rulebook,206
0, Kobold Grand Wizard, Normal, Mook, Humanoid, Bestiary,123
0, Remorhaz (Squib Swarm), Normal, Mook, Beast, Bestiary,179
0, Squib Swarm, Normal, Mook, Beast, Bestiary,179
0, Stirgelings, Normal, Mook, Beast, Bestiary,197
1, Archer Stirge, Normal, Archer, Beast, Bestiary,197
1, Badger, Normal, Wrecker, Humanoid, Bestiary 2,55
1, Cobbler Stirge, Normal, Blocker, Beast, Bestiary,197
1, Dainty Lizard, Normal, Mook, Beast, Bestiary 2,270
1, Decrepit Skeleton, Normal, Mook, Undead, 13th Age Core Rulebook,246
1, Dire Rat, Normal, Mook, Beast, 13th Age Core Rulebook,206
1, Eidolon In Humanoid Form, Triple Strength, Troop, Spirit, Bestiary 2,46
1, Ettercap Acolyte, Normal, Mook, Humanoid, Bestiary,73
1, Fungaloid Creeper, Normal, Troop, Plant, Bestiary,83
1, Giant Scorpion, Normal, Wrecker, Beast, 13th Age Core Rulebook,206
1, Goblin Grunt, Normal, Troop, Humanoid, 13th Age Core Rulebook,229
1, Goblin Scum, Normal, Mook, Humanoid, 13th Age Core Rulebook,229
1, Gravemeat, Normal, Mook, Undead, Bestiary,97
1, Human Thug, Normal, Troop, Humanoid, 13th Age Core Rulebook,235
1, Kobold Archer, Normal, Mook, Humanoid, 13th Age Core Rulebook,237
1, Kobold Warrior, Normal, Troop, Humanoid, 13th Age Core Rulebook,237
1, Meteorite Xombie, Normal, Mook, Aberration, Bestiary 2,257
1, Orc Warrior, Normal, Troop, Humanoid, 13th Age Core Rulebook,242
1, Rat Swarm, Normal, Spoiler, Beast, Bestiary 2,55
1, Skeletal Hound, Normal, Blocker, Undead, 13th Age Core Rulebook,246
1, Skeleton Archer, Normal, Archer, Undead, 13th Age Core Rulebook,246
1, Swarm Of Bats, Normal, Spoiler, Beast, Bestiary,13
1, Venomous Snake, Normal, Troop, Beast, Bestiary 2,55
1, Watch Skull, Normal, Troop, Undead, Bestiary,109
1, White Dragon Hatchling, Normal, Troop, Dragon, Bestiary,219
1, Wibble, Normal, Mook, Construct, Bestiary,223
1, Wolf, Normal, Troop, Beast, 13th Age Core Rulebook,207
1, Zombie Shuffler, Normal, Mook, Undead, 13th Age Core Rulebook,251
2, Aerial Spore, Normal, Mook, Plant, Bestiary,83
2, Ankheg, Large, Troop, Beast, 13th Age Core Rulebook,208
2, Avenging Orb, Normal, Caster, Humanoid, Bestiary,204
2, Bat Cavalry, Large, Wrecker, Beast & Humanoid, Bestiary,14
2, Bear, Normal, Troop, Beast, 13th Age Core Rulebook,207
2, Bloody Shade, Double Strength, Mook, Undead, Bestiary 2,10
2, Blueflame Salamander, Huge, Troop, Elemental, Bestiary 2,234
2, Bone Imp Mage-Eater, Weakling, Mook, Demon, Bestiary 2,20
2, Boombug, Normal, Trofop, Beast, Bestiary,113
2, Broken Shade, Normal, Mook, Undead, Bestiary 2,10
2, Bugbear Scout, Double Strength, Troop, Humanoid, Bestiary,24
2, Claw Flower, Normal, Spoiler, Plant, Bestiary,161
2, Coin Zombie, Normal, Mook, Undead, Bestiary 2,33
2, Conglomerate, Normal, Mook, Elemental, Bestiary 2,283
2, Destroying Sword, Normal, Wrecker, Humanoid, Bestiary,204
2, Dire Bat, Normal, Troop, Beast, Bestiary,14
2, Enduring Shield, Normal, Blocker, Humanoid, Bestiary,204
2, Ettercap Hunter, Normal, Blocker, Humanoid, Bestiary,73
2, Faun Troubadour, Normal, Spoiler, Humanoid, Bestiary 2,59
2, Feral Warbanner, Double Strength, Caster, Construct, Bestiary,207
2, Frogspawn Grunt, Normal, Mook, Humanoid, Bestiary 2,96
2, Giant Web Spider, Large, Blocker, Beast, 13th Age Core Rulebook,207
2, Goblin Shaman, Normal, Caster, Humanoid, 13th Age Core Rulebook,229
2, Golden Demon Warrior, Normal, Archer, Humanoid, Bestiary 2,159
2, Hell Marsh Fanatic, Normal, Mook, Humanoid, Bestiary 2,135
2, Hellwasp, Normal, Spoiler, Beast, Bestiary,113
2, Hobgoblin Warrior, Normal, Troop, Humanoid, 13th Age Core Rulebook,230
2, Hook Scuttler, Normal, Blocker, Beast, Bestiary,113
2, Human Rabble, Normal, Mook, Humanoid, Bestiary,208
2, Human Zombie, Normal, Troop, Undead, 13th Age Core Rulebook,251
2, Hunting Spider, Normal, Wrecker, Beast, 13th Age Core Rulebook,206
2, Jackal Gravewrecker, Normal, Mook, Humanoid, Bestiary 2,122
2, Kobold Hero, Normal, Leader, Humanoid, 13th Age Core Rulebook,237
2, Kobold Skyclaw, Normal, Mook, Humanoid, Bestiary,124
2, Lizardman Savage, Normal, Wrecker, Humanoid, 13th Age Core Rulebook,237
2, Medium Brass Dragon, Normal, Troop, Dragon, 13 True Ways,184
2, Medium White Dragon, Normal, Troop, Dragon, 13th Age Core Rulebook,218
2, Newly-Risen Ghoul, Normal, Mook, Undead, 13th Age Core Rulebook,225
2, Orc Archer, Normal, Archer, Humanoid, Bestiary,156
2, Orc Berserker, Normal, Troop, Humanoid, 13th Age Core Rulebook,242
2, Orc Shaman, Normal, Leader, Humanoid, 13th Age Core Rulebook,242
2, Orcish Archer, Normal, Archer, Humanoid, Bestiary,156
2, Pit-Spawn Orc, Double Strength, Mook, Humanoid, Bestiary,156
2, Razor Shark, Normal, Mook, Beast, Bestiary,187
2, Sadsack, Normal, Spoiler, Undead, Bestiary 2,106
2, Sahuagin Raider, Normal, Troop, Humanoid, Bestiary,187
2, Silver Hand Cultist, Normal, Mook, Humanoid, Bestiary 2,248
2, Skeleton Warrior, Normal, Troop, Undead, 13th Age Core Rulebook,246
2, Skin Devil, Normal, Troop, Devil, 13 True Ways,168
2, Skull Crab Xombie, Normal, Spoiler, Aberration, Bestiary 2,258
2, Splotchcap, Normal, Archer, Humanoid, Bestiary,175
2, Sporrior, Normal, Wrecker, Plant, Bestiary,84
2, Swarming Maw, Normal, Wrecker, Beast, Bestiary,113
2, Trog, Normal, Spoiler, Humanoid, 13th Age Core Rulebook,247
2, Wererat, Normal, Troop, Beast, 13 True Ways,205
2, Wood Nymph (Dryad), Double Strength, Spoiler, Humanoid, Bestiary 2,206
2, Xombie Egg Swarm, Normal, Mook, Aberration, Bestiary 2,257
2, Zombie Beast, Large, Troop, Undead, 13 True Ways,207
3, Archer Shade, Normal, Archer, Undead, Bestiary 2,11
3, Attached Eidolon, Normal, Troop, Spirit, Bestiary 2,46
3, Barbellite, Normal, Troop, Beast, Bestiary,179
3, Blade Shade, Normal, Troop, Undead, Bestiary 2,10
3, Blue Sorcerer, Normal, Caster, Humanoid, Bestiary,21
3, Bonded Hero, Triple Strength, Wrecker, Construct, Bestiary 2,14
3, Bone Imp Archer, Normal, Archer, Demon, Bestiary 2,20
3, Bone Imp Tormentor, Normal, Spoiler, Demon, Bestiary 2,20
3, Braincap, Double Strength, Wrecker, Plant, Bestiary,84
3, Bugbear Schemer, Normal, Leader, Humanoid, Bestiary,25
3, Catacomb Dragon (Black), Large, Wrecker, Dragon, Bestiary,17
3, Cave Orc, Normal, Mook, Humanoid, Bestiary,156
3, Cenotaph Dragon (White), Normal, Troop, Dragon, Bestiary,219
3, Clasterian Minotaur Guard, Large, Archer, Humanoid, Bestiary 2,196
3, Clubtail, Large, Troop, Beast, Bestiary 2,270
3, Crusader Warbanner, Double Strength, Caster, Construct, Bestiary,208
3, Dawn Zorigami, Normal, Spoiler, Construct, Bestiary,225
3, Death-Plague Orc, Large, Spoiler, Humanoid, Bestiary,158
3, Derro Berserker, Normal, Troop, Humanoid, Bestiary 2,36
3, Dire Wolf, Large, Troop, Beast, 13th Age Core Rulebook,207
3, Dretch, Normal, Mook, Demon, 13th Age Core Rulebook,210
3, Drow Spider-Mage, Normal, Caster, Humanoid, Bestiary,58
3, Drudge Citizen, Normal, Troop, Undead, Bestiary 2,248
3, Ettercap Supplicant, Normal, Caster, Humanoid, Bestiary,73
3, Ettercap Warrior, Normal, Blocker, Humanoid, Bestiary,74
3, Fallen Derro, Normal, Mook, Humanoid, Bestiary 2,36
3, Fire Bat, Normal, Mook, Beast, 13 True Ways,162
3, Flamebird Phoenix, Double Strength, Wrecker, Elemental, Bestiary 2,216
3, Frogspawn Monk, Normal, Spoiler, Humanoid, Bestiary 2,96
3, Fungaloid Drudge, Normal, Troop, Plant, Bestiary,84
3, Ghoul, Normal, Spoiler, Humanoid, 13th Age Core Rulebook,225
3, Gnoll Ranger, Normal, Archer, Humanoid, 13th Age Core Rulebook,229
3, Gnoll Savage, Normal, Troop, Humanoid, 13th Age Core Rulebook,228
3, Goblin Bat Mage, Normal, Spoiler, Beast & Humanoid, Bestiary,14
3, Golden Demon Cultist, Double Strength, Mook, Humanoid, Bestiary 2,159
3, Golden Demon Priest, Normal, Leader, Humanoid, Bestiary 2,159
3, Gray Hoarder, Double Strength, Wrecker, Undead, Bestiary 2,113
3, Great Cat, Normal, Wrecker, Beast, Bestiary 2,55
3, Greenscale Wild Stalker, Normal, Archer, Humanoid, Bestiary 2,175
3, Hellhound, Normal, Wrecker, Beast, 13th Age Core Rulebook,234
3, Hell Marsh Priest, Normal, Leader, Humanoid, Bestiary 2,135
3, Horned Azinth Calf, Double Strength, Wrecker, Beast, Bestiary 2,145
3, Hungry Star, Normal, Wrecker, Aberration, 13th Age Core Rulebook,235
3, Imp, Normal, Spoiler, Demon, 13th Age Core Rulebook,210
3, Intellect Devourer, Normal, Spoiler, Aberration, Bestiary,116
3, Kobold Berserker, Normal, Mook, Humanoid, Bestiary 2,156
3, Kobold Dog Rider, Normal, Troop, Humanoid, Bestiary,124
3, Kobold Engineer, Normal, Leader, Humanoid, Bestiary,124
3, Large Brass Dragon, Large, Troop, Dragon, 13 True Ways,184
3, Lemure, Normal, Mook, Devil, 13 True Ways,169
3, Lesser Haunting, Normal, Mook, Undead, Bestiary 2,106
3, Magma Brute, Normal, Wrecker, Construct, 13 True Ways,163
3, Medium Black Dragon, Normal, Wrecker, Dragon, 13th Age Core Rulebook,218
3, Medium Bronze Dragon, Normal, Wrecker, Dragon, 13 True Ways,184
3, Ochre Jelly, Large, Wrecker, Ooze, 13th Age Core Rulebook,241
3, Ogre Penitent, Large, Blocker, Giant, Bestiary,149
3, Orc Battle Screamer, Normal, Leader, Humanoid, Bestiary,157
3, Orc Lord Warbanner, Double Strength, Caster, Construct, Bestiary,209
3, Orc Tusker, Normal, Troop, Humanoid, Bestiary,157
3, Otyugh, Large, Blocker, Aberration, 13th Age Core Rulebook,243
3, Pixie Pod, Double Strength, Leader, Plant, Bestiary,161
3, Pixie Warrior, Normal, Spoiler, Humanoid, 13 True Ways,198
3, Poddling, Normal, Mook, Plant, Bestiary,161
3, Podling, Normal, Mook, Plant, Bestiary,161
3, Rascal, Normal, Mook, Humanoid, Bestiary 2,65
3, Really Angry Kobold, Weakling, Troop, Humanoid, Bestiary 2,157
3, Red Haze Berserker, Normal, Wrecker, Humanoid, Bestiary 2,157
3, Redcap, Normal, Wrecker, Humanoid, Bestiary,175
3, Remorhaz (Barbellite), Normal, Troop, Beast, Bestiary,179
3, River Nymph (Naiad), Double Strength, Spoiler, Humanoid, Bestiary 2,206
3, Rust Monster, Normal, Spoiler, Aberration, Bestiary,184
3, Slime Skull, Normal, Spoiler, Undead, Bestiary,109
3, Small Air Elemental, Normal, Wrecker, Elemental, 13 True Ways,189
3, Small Earth Elemental, Normal, Troop, Elemental, 13 True Ways,189
3, Small Fire Elemental, Normal, Troop, Elemental, 13 True Ways,189
3, Small Water Elemental, Normal, Blocker, Elemental, 13 True Ways,189
3, Snowy Owlbear Cub, Weakling, Troop, Beast, Bestiary 2,212
3, Spinneret Doxy, Normal, Spoiler, Humanoid, Bestiary,120
3, Taranar Coryphée, Large, Blocker, Elemental, Bestiary 2,283
3, Trog Chanter, Normal, Leader, Humanoid, 13th Age Core Rulebook,247
3, Vicious Warbanner, 2×, Caster, Construct, Bestiary,209
3, Weaver Swarm, Normal, Mook, Beast, Bestiary,61
3, Werewolf, Normal, Troop, Beast, 13 True Ways,205
3, Wild Dryad, Double Strength, Wrecker, Elemental, Bestiary 2,206
3, Xombie Spiders, Normal, Blocker, Aberration, Bestiary 2,258
3, Zealous Warbanner, 2×, Caster, Construct, Bestiary,208
4, Awakened Trees, Normal, Mook, Plant, 13 True Ways,202
4, Azer Soldier, Normal, Troop, Dwarf, 13 True Ways,162
4, Barbarous Bugbear, Normal, Wrecker, Humanoid, Bestiary,25
4, Basilisk, Large, Wrecker, Beast, Bestiary,10
4, Beautific Gargoyle, Normal, Troop, Construct, Bestiary 2,128
4, Big Zombie, Large, Wrecker, Undead, 13th Age Core Rulebook,251
4, Blackamber Skeletal Legionnaire, Normal, Troop, Undead, 13th Age Core Rulebook,246
4, Bluescale Lightning Caller, Normal, Caster, Humanoid, Bestiary 2,175
4, Bonded Veil, Triple Strength, Troop, Construct, Bestiary 2,15
4, Bone Imp Skullbiter, Normal, Troop, Demon, Bestiary 2,20
4, Brain-Absorber Xombie, Large, Caster, Aberration, Bestiary 2,258
4, Broken Taranar, Large, Troop, Elemental, Bestiary 2,283
4, Cambion Dirk, Normal, Mook, Demon, Bestiary,31
4, Centaur Lancer, Normal, Troop, Humanoid, Bestiary,35
4, Chaos Beast, Normal, Troop, Aberration, Bestiary,39
4, Chaos Behemoth, Huge, Spoiler, Aberration, Bestiary,40
4, Chaos Brute, Large, Wrecker, Aberration, Bestiary,39
4, Chaos Glorp, Normal, Mook, Aberration, Bestiary,39
4, Chuulish Slave, Normal, Troop, Aberration, Bestiary,51
4, Deathly Warbanner, 2×, Caster, Construct, Bestiary,210
4, Demon Drake, Normal, Troop, Demon, Bestiary 2,159
4, Demonic Ogre, Large, Spoiler, Giant, Bestiary,149
4, Derro Maniac, Normal, Troop, Humanoid, 13th Age Core Rulebook,216
4, Derro Sage, Normal, Caster, Humanoid, 13th Age Core Rulebook,216
4, Derro Seer, Normal, Leader, Humanoid, Bestiary 2,37
4, Derro Whisperer, Normal, Archer, Humanoid, Bestiary 2,37
4, Despoiler, Normal, Caster, Demon, 13th Age Core Rulebook,210
4, Dire Bear, Large, Troop, Beast, 13th Age Core Rulebook,207
4, Doomlantern Salamander, Huge, Blocker, Elemental, Bestiary 2,234
4, Drow Soldier, Normal, Mook, Humanoid, Bestiary,58
4, Dungeon Town Guard, Normal, Troop, Humanoid, Eyes of the Stone Thief,101
4, Ebon Gauntlet Sword, Normal, Troop, Humanoid, Bestiary 2,40
4, Eidolon In War Form, Triple Strength, Troop, Spirit, Bestiary 2,47
4, Elder Spore, Normal, Mook, Plant, Bestiary,85
4, Ember Imp, Normal, Troop, Devil, Bestiary 2,133
4, Ettercap Keeper, Normal, Leader, Humanoid, Bestiary,74
4, Faun Harrier, Normal, Archer, Humanoid, Bestiary 2,59
4, Flesh Golem, Large, Blocker, Construct, 13th Age Core Rulebook,231
4, Frogspawn Spellcroaker, Normal, Leader, Humanoid, Bestiary 2,96
4, Fungaloid Empress, Huge, Wrecker, Plant, Bestiary,85
4, Fungaloid Monarch, Double Strength, Leader, Plant, Bestiary,84
4, Gelatinous Tetrahedron, Huge, Blocker, Ooze, Bestiary,88
4, Ghoul Fleshripper, Normal, Wrecker, Undead, Bestiary,97
4, Ghoul Fleshwripper, Normal, Wrecker, Undead, Bestiary,97
4, Ghoul Licklash, Normal, Blocker, Undead, Bestiary,97
4, Ghoul Pusbuster, Normal, Spoiler, Undead, Bestiary,97
4, Giant Bird Of Prey, Normal, Spoiler, Beast, Bestiary 2,56
4, Gibbering Mouther, Normal, Spoiler, Humanoid, Bestiary 2,109
4, Gnoll War Leader, Normal, Leader, Humanoid, 13th Age Core Rulebook,229
4, Half-Orc Legionnaire, Normal, Troop, Humanoid, 13th Age Core Rulebook,233
4, Harpy, Normal, Spoiler, Humanoid, 13th Age Core Rulebook,234
4, Hell Imp, Normal, Spoiler, Devil, 13 True Ways,170
4, Hell Marsh Wizard, Normal, Caster, Humanoid, Bestiary 2,136
4, Hill Nymph (Oread), Double Strength, Spoiler, Humanoid, Bestiary 2,207
4, Hobgoblin Captain, Normal, Leader, Humanoid, 13th Age Core Rulebook,230
4, Honey Devil (Aka Slime Devil), Weakling, Troop, Devil, 13 True Ways,171
4, Honey Devil (Slime Devil), Weakling, Troop, Devil, 13 True Ways,171
4, Huge Brass Dragon, Huge, Troop, Dragon, 13 True Ways,185
4, Jest Bones, Normal, Spoiler, Undead, Bestiary,109
4, Kelplets, Normal, Mook, Plant, Bestiary 2,199
4, Kobold Assassin, Normal, Spoiler, Humanoid, Bestiary 2,156
4, Kobold Bravescale, Normal, Blocker, Humanoid, Bestiary,125
4, Kobold Dungeon-Shaman, Double Strength, Caster, Humanoid, Bestiary,125
4, Kobold Shadow-Warrior, Normal, Mook, Humanoid, Bestiary,125
4, Large White Dragon, Large, Troop, Dragon, 13th Age Core Rulebook,218
4, Lesser Xorn, Elite, Spoiler, Elemental, Bestiary 2,290
4, Lethal Lothario, Normal, Leader, Humanoid, Bestiary,121
4, Lich Baroness, Normal, Spoiler, Undead, Bestiary,135
4, Lich King Warbanner, Double Strength, Caster, Construct, Bestiary,210
4, Medium Copper Dragon, Normal, Spoiler, Dragon, 13 True Ways,185
4, Medium Green Dragon, Normal, Spoiler, Dragon, 13th Age Core Rulebook,219
4, Minotaur, Large, Troop, Humanoid, 13th Age Core Rulebook,239
4, Ogre Berserker, Large, Wrecker, Giant, Bestiary,149
4, Ogre Crusader, Large, Troop, Giant, Bestiary,150
4, Orc Boatmen, Normal, Spoiler, Humanoid, Eyes of the Stone Thief,57
4, Owl Bear, Large, Wrecker, Beast, 13th Age Core Rulebook,243
4, Phantomaton, Normal, Troop, Undead, Bestiary 2,248
4, Purple Dragon (Adventurer), Huge, Caster, Dragon, Bestiary 2,186
4, Ravenous Cannibal, Normal, Mook, Humanoid, Bestiary,212
4, Screaming Skull, Normal, Troop, Undead, Bestiary,110
4, Shadow Mongoose Destroyer Of Fate, Normal, Spoiler, Spirit, Bestiary 2,239
4, Slaughter Pit Shade, Large, Wrecker, Undead, Bestiary 2,11
4, Small-But-Vicious, Normal, Mook, Construct, Eyes of the Stone Thief,93
4, Spiketail, Large, Wrecker, Beast, Bestiary 2,271
4, Sprite, Normal, Caster, Humanoid, Bestiary 2,66
4, Taranar Hunter, Large, Spoiler, Elemental, Bestiary 2,282
4, The Woven, Normal, Mook, Humanoid, Bestiary,121
4, Trihorn, Large, Troop, Beast, Bestiary 2,271
4, Troll, Large, Troop, Giant, 13th Age Core Rulebook,248
4, Wereboar, Double Strength, Troop, Beast, 13 True Ways,205
4, Wight, Normal, Spoiler, Undead, 13th Age Core Rulebook,249
4, Woven, Normal, Mook, Humanoid, Bestiary,121
4, Zombie Of The Silver Rose, Normal, Mook, Undead, 13 True Ways,207
5, Air Elemental, Normal, Wrecker, Elemental, 13 True Ways,190
5, Binding Bride, Normal, Spoiler, Humanoid, Bestiary,121
5, Bloodsucking Book, Normal, Spoiler, Construct, Eyes of the Stone Thief,92
5, Bulette, Large, Wrecker, Beast, 13th Age Core Rulebook,208
5, Cambion Sickle, Normal, Troop, Demon, Bestiary,31
5, Centaur Raider, Normal, Wrecker, Humanoid, Bestiary,35
5, Common Treant, Normal, Spoiler, Plant, 13 True Ways,202
5, Cultist Initiate, Normal, Mook, Humanoid, Eyes of the Stone Thief,283
5, Demon-Touched Human Ranger, Normal, Archer, Humanoid, 13th Age Core Rulebook,235
5, Dire Boar, Large, Troop, Beast, 13 True Ways,160
5, Drow Sword Maiden, Normal, Troop, Humanoid, Bestiary,58
5, Earth Elemental, Normal, Blocker, Elemental, 13 True Ways,190
5, Earthshaker, Huge, Spoiler, Beast, Bestiary 2,272
5, Ebon Gauntlet Adjudicator, Large, Wrecker, Humanoid, Bestiary 2,40
5, Ettin, Large, Troop, Giant, 13th Age Core Rulebook,224
5, Faun Bandleader, Normal, Leader, Humanoid, Bestiary 2,59
5, Faun Keeper, Normal, Blocker, Humanoid, Bestiary 2,59
5, Fire Elemental, Normal, Wrecker, Elemental, 13 True Ways,190
5, Five-Headed Hydra, Huge, Wrecker, Beast, 13th Age Core Rulebook,236
5, Flaming Skull, Normal, Caster, Undead, Bestiary,110
5, Flux Elemental, Normal, Troop, Elemental, Bestiary 2,77
5, Fomorian Brute, Large, Mook, Giant, Bestiary 2,83
5, Frenzy Demon, Normal, Wrecker, Demon, 13th Age Core Rulebook,211
5, Frog Knight, Normal, Blocker, Humanoid, Bestiary 2,98
5, Frogspawn Deceiver, Normal, Spoiler, Humanoid, Bestiary 2,97
5, Gargoyle, Normal, Troop, Construct, 13th Age Core Rulebook,224
5, Gelatinous Cubahedron (Aka Cube), Huge, Blocker, Ooze, Bestiary,89
5, Gelatinous Cube, Huge, Blocker, Ooze, 13th Age Core Rulebook,241
5, Ghast, Normal, Wrecker, Undead, Bestiary,98
5, Gorge Dragon (Black), Large, Spoiler, Dragon, Bestiary,17
5, Gray Raider, Normal, Wrecker, Undead, Bestiary 2,113
5, Great Horned Owlbear, Large, Spoiler, Beast, Bestiary 2,211
5, Great Hound, Large, Wrecker, Beast, Bestiary 2,67
5, Green Bulette, Large, Wrecker, Beast, Bestiary,27
5, Half-Orc Tribal Champion, Normal, Wrecker, Humanoid, 13th Age Core Rulebook,233
5, Hell Shark, Normal, Mook, Demon, Eyes of the Stone Thief,108
5, Hobgoblin Warmage, Normal, Caster, Humanoid, 13th Age Core Rulebook,230
5, Huge White Dragon, Huge, Troop, Dragon, 13th Age Core Rulebook,219
5, Hungry Mouth Ghost, Normal, Blocker, Undead, Bestiary 2,106
5, Iron Sea Shark, Double Strength, Mook, Beast, Bestiary,188
5, Jackal Bearer, Normal, Mook, Humanoid, Bestiary 2,122
5, Jackal Scout, Normal, Archer, Humanoid, Bestiary 2,122
5, Jackpot Zombie, Normal, Mook, Undead, Bestiary 2,33
5, Kelpling, Double Strength, Wrecker, Plant, Bestiary 2,199
5, Kobold Dragon-Soul, Normal, Troop, Humanoid, Bestiary,125
5, Kobold Glinter, Normal, Mook, Humanoid, Bestiary 2,158
5, Kohwa Messenger, Large, Caster, Beast, Bestiary 2,162
5, Koruku Larva, Normal, Wrecker, Beast, Bestiary 2,165
5, Lumberland Dirt-Fisher, Huge, Wrecker, Beast, Bestiary,28
5, Manticore Bard, Large, Caster, Beast, Bestiary,139
5, Mantikumhar, Large, Spoiler, Beast, Bestiary,139
5, Mausoleum Dragon, Large, Troop, Dragon, Bestiary,219
5, Medium Blue Dragon, Normal, Caster, Dragon, 13th Age Core Rulebook,219
5, Minotaur Adept, Large, Caster, Humanoid, Bestiary 2,192
5, Mutant Bullfrog, Large, Wrecker, Beast, Bestiary 2,98
5, Nasty Cave Orc, Normal, Troop, Humanoid, Eyes of the Stone Thief,78
5, Ogre Bully, Large, Mook, Giant, Eyes of the Stone Thief,96
5, Ogre Champion, Large, Wrecker, Giant, Bestiary,150
5, Ogre Dungeonspawn, Large, Mook, Giant, Eyes of the Stone Thief,72
5, Ogre Master Shaman, Large, Leader, Giant, Eyes of the Stone Thief,39
5, Ogre Slave-Taker, Large, Troop, Giant, Eyes of the Stone Thief,78
5, Orc Wardens, Normal, Troop, Humanoid, Eyes of the Stone Thief,57
5, Petulant Never-Was, Double Strength, Caster, Undead, Bestiary 2,107
5, Ravenous Bumoorah, Normal, Wrecker, Beast, Bestiary,28
5, Resurgent Phoenix, Large, Leader, Elemental, Bestiary 2,216
5, Rust Monster Obliterator, Normal, Spoiler, Demon, Bestiary,184
5, Sahuagin Glow Priest, Normal, Caster, Humanoid, Bestiary,188
5, Scuttling Star-Mask, Normal, Mook, Aberration, Bestiary 2,259
5, Sea Nymph (Nereid), Double Strength, Spoiler, Humanoid, Bestiary 2,208
5, Skelepede, Normal, Wrecker, Undead, Eyes of the Stone Thief,66
5, Skeleton Host, Normal, Mook, Undead, Eyes of the Stone Thief,65
5, Smoke Devil, Normal, Troop, Devil, 13 True Ways,172
5, Stalker, Large, Stalker, Humanoid, Bestiary 2,272
5, Star-Mask Cultist, Normal, Archer, Aberration, Bestiary 2,259
5, Stoneroost Barbarian, Normal, Troop, Humanoid, Eyes of the Stone Thief,322
5, Swarm Prince, Normal, Spoiler, Humanoid, Bestiary,121
5, Swaysong Naga, Large, Leader, Beast, Bestiary,143
5, Taranar Bugler, Large, Caster, Elemental, Bestiary 2,282
5, Thunder Bat, Normal, Archer, Beast, Bestiary,15
5, Trained Bulette, Normal, Wrecker, Beast, Eyes of the Stone Thief,90
5, Tribal Minotaur Berserker, Large, Wrecker, Humanoid, Bestiary 2,192
5, Trog Fouler, Normal, Spoiler, Humanoid, Bestiary 2,275
5, Undead Spider, Normal, Spoiler, Undead, Eyes of the Stone Thief,53
5, Warped Beast, Normal, Wrecker, Aberration, Bestiary,70
5, Water Elemental, Normal, Blocker, Elemental, 13 True Ways,190
5, Wendigo Spirit, Large, Wrecker, Undead, Bestiary,212
5, Werebear, Large, Troop, Beast, 13 True Ways,206
5, Whispering Prophet, Normal, Leader, Aberration, Bestiary,216
5, Whitescale Rime Walker, Normal, Troop, Humanoid, Bestiary 2,175
5, Wild Naiad, Double Strength, Spoiler, Elemental, Bestiary 2,207
5, Wraith, Normal, Spoiler, Undead, 13th Age Core Rulebook,250
5, Wyvern, Large, Wrecker, Beast, 13th Age Core Rulebook,250
6,"Bat Demon, Aka Squishies", Normal, Mook, Demon, 13 True Ways,164
6, Apex Zorigami, Normal, Spoiler, Construct, Bestiary,225
6, Atrocious Gibbering Mouther, Large, Spoiler, Aberration, Bestiary 2,110
6, Bat Demon (Squishy), Normal, Mook, Demon, 13 True Ways,164
6, Bearded Devil (Barbazu), Large, Blocker, Devil, 13 True Ways,173
6, Bird Flock, Normal, Mook, Beast, Eyes of the Stone Thief,335
6, Blackscale Shadow Dancer, Normal, Troop, Humanoid, Bestiary 2,176
6, Blizzard Dragon (White), Large, Wrecker, Dragon, Bestiary,220
6, Blockheads, Normal, Mook, Construct, Eyes of the Stone Thief,85
6, Blood Rose, Double Strength, Wrecker, Undead, 13 True Ways,195
6, Briar Elf Slayer, Normal, Troop, Humanoid, Bestiary 2,26
6, Bugbear Brute, Normal, Blocker, Humanoid, Eyes of the Stone Thief,46
6, Cackling Demon, Normal, Leader, Demon, Bestiary 2,181
6, Cambion Katar, Normal, Wrecker, Demon, Bestiary,31
6, Centaur Champion, Double Strength, Leader, Humanoid, Bestiary,36
6, Centaur Ranger, Normal, Archer, Humanoid, Bestiary,35
6, Chuulish Swarm, Normal, Troop, Aberration, Bestiary,47
6, Clay Golem, Large, Spoiler, Construct, 13th Age Core Rulebook,231
6, Coin Collector Zombie, Normal, Blocker, Undead, Bestiary 2,34
6, Corpse Collector, Double Strength, Leader, Undead, Eyes of the Stone Thief,77
6, Corpse Dybbuk, Double Strength, Troop, Demon, Bestiary,64
6, Coursing Manticore, Large, Spoiler, Beast, Bestiary,140
6, Crimsoncap, Normal, Spoiler, Humanoid, Bestiary,175
6, Cult Zombie, Normal, Mook, Undead, Eyes of the Stone Thief,261
6, Death Blossom, Double Strength, Caster, Undead, 13 True Ways,194
6, Death Marker, Normal, Mook, Undead, Bestiary 2,230
6, Deepwood Spider Swarm, Normal, Mook, Beast, Eyes of the Stone Thief,336
6, Derro Slasher, Normal, Wrecker, Humanoid, Eyes of the Stone Thief,91
6, Dire Snail, Normal, Troop, Beast, Eyes of the Stone Thief,95
6, Dire Tiger, Large, Troop, Beast, 13 True Ways,160
6, Disgraced Legionnaire, Double Strength, Wrecker, Undead, Bestiary 2,107
6, Drider, Large, Caster, Aberration, 13th Age Core Rulebook,223
6, Drow Spider-Sorceress, Normal, Caster, Humanoid, Bestiary,59
6, Drow Wintersmith, Normal, Caster, Humanoid, Eyes of the Stone Thief,335
6, Ebon Gauntlet Eye, Normal, Caster, Humanoid, Bestiary 2,41
6, Eidolon In Hunting Form, Triple Strength, Troop, Spirit, Bestiary 2,47
6, Faun Enchanter, Normal, Spoiler, Humanoid, Bestiary 2,60
6, Filth Hydra, Large, Wrecker, Beast, Eyes of the Stone Thief,51
6, Fomorian Bully, Large, Troop, Giant, Bestiary 2,83
6, Forge Wolf, Large, Mook, Construct, Bestiary 2,73
6, Forge-Wraith, Normal, Troop, Undead, Eyes of the Stone Thief,59
6, Frogspawn Champion, Normal, Troop, Humanoid, Bestiary 2,98
6, Frogspawn Thug, Double Strength, Mook, Humanoid, Bestiary 2,98
6, Frost-Wurm, Large, Troop, Beast, Bestiary,180
6, Gauntlet'S Mascot, Normal, Blocker, Humanoid, Bestiary 2,41
6, Gelatinous Octahedron, Huge, Blocker, Ooze, Bestiary,89
6, Ghoul Champion, Normal, Spoiler, Undead, Eyes of the Stone Thief,43
6, Giggling Demon, Weakling, Mook, Demon, Bestiary 2,180
6, Glittering Bearer, Normal, Caster, Undead, Bestiary 2,114
6, Golem-Smith, Normal, Blocker, Construct, Eyes of the Stone Thief,58
6, Hag, Normal, Spoiler, Humanoid, Bestiary,105
6, Half-Stone Medusa, Double Strength, Wrecker, Humanoid, Eyes of the Stone Thief,60
6, Hallowed Gargoyle, Normal, Leader, Construct, Bestiary 2,128
6, Hellcat (Bezekira), Large, Troop, Devil, Bestiary 2,132
6, Hellwarped Spawn, Large, Wrecker, Aberration, Bestiary 2,142
6, Hill Giant, Large, Troop, Giant, 13th Age Core Rulebook,225
6, Horned Azinth Adult, Large, Wrecker, Beast, Bestiary 2,145
6, Ice Zombie, Normal, Mook, Undead, Bestiary,79
6, Infernal Shadow, Normal, Spoiler, Demon, Eyes of the Stone Thief,334
6, Intellect Assassin, Normal, Spoiler, Aberration, Bestiary,118
6, Jackal Mage, Normal, Caster, Humanoid, Bestiary 2,122
6, Jotun Auroch, Huge, Mook, Beast, Bestiary,78
6, Large Black Dragon, Large, Wrecker, Dragon, 13th Age Core Rulebook,220
6, Large Bronze Dragon, Large, Wrecker, Dragon, 13 True Ways,185
6, Lich Flower, Double Strength, Blocker, Undead, 13 True Ways,194
6, Lokkris, Normal, Mook, Beast, Bestiary,61
6, Major Haunting, Normal, Mook, Undead, Bestiary 2,107
6, Manticore, Large, Archer, Beast, 13th Age Core Rulebook,238
6, Medium Red Dragon, Normal, Wrecker, Dragon, 13th Age Core Rulebook,220
6, Medium Silver Dragon, Normal, Spoiler, Dragon, 13 True Ways,185
6, Medusa Outlaw, Double Strength, Wrecker, Humanoid, 13th Age Core Rulebook,238
6, Ogre Mage Knight, Large, Wrecker, Giant, Bestiary,152
6, Orc Blood Sorcerer, Normal, Caster, Humanoid, Eyes of the Stone Thief,72
6, Orc Commander, Normal, Leader, Humanoid, Eyes of the Stone Thief,57
6, Orc Heavy Tusker, Normal, Troop, Humanoid, Eyes of the Stone Thief,85
6, Orc Tracker, Normal, Spoiler, Humanoid, Eyes of the Stone Thief,163
6, Parasitic Dybbuk, Double Strength, Spoiler, Demon, Bestiary,64
6, Phantom, Normal, Spoiler, Spirit, Bestiary 2,248
6, Pixie Knight, Normal, Troop, Humanoid, Bestiary 2,67
6, Poison Dandelion, Double Strength, Spoiler, Undead, 13 True Ways,195
6, Rakshasa Sybarite, Double Strength, Caster, Humanoid, Bestiary 2,224
6, Rathell Rat Zombies, Normal, Mook, Undead, Eyes of the Stone Thief,238
6, Remorhaz (Frost-Würm), Large, Troop, Beast, Bestiary,180
6, Remorhaz Frost-Wurm, Normal, Troop, Dragon, Bestiary,180
6, Rock Grub, Normal, Spoiler, Beast, Eyes of the Stone Thief,319
6, Rotroot Grubman, Normal, Mook, Demon, Eyes of the Stone Thief,238
6, Sahuagin Mutant, Double Strength, Wrecker, Humanoid, Bestiary,189
6, Sahuagin Sorcerer, Normal, Caster, Humanoid, Eyes of the Stone Thief,108
6, Sahuagin Warrior, Normal, Wrecker, Humanoid, Eyes of the Stone Thief,107
6, Shadow Mongoose Subverter Of Fate, Normal, Spoiler, Spirit, Bestiary 2,240
6, Shipwrecked Sailor, Normal, Mook, Humanoid, Eyes of the Stone Thief,118
6, Skeletal Shamblers, Normal, Mook, Undead, Eyes of the Stone Thief,127
6, Skywurm, Normal, Troop, Beast, Eyes of the Stone Thief,329
6, Slaughterspawn, Normal, Mook, Demon, Eyes of the Stone Thief,119
6, Sparkscale Naga, Large, Leader, Beast, Bestiary,144
6, Specter, Double Strength, Wrecker, Undead, 13 True Ways,201
6, Spell Golem Warder, Normal, Blocker, Construct, Bestiary 2,252
6, Spider Mount, Normal, Troop, Beast, Bestiary,60
6, Spriggan, Normal, Blocker, Humanoid, Bestiary 2,68
6, Star-Mask Cult Leader, Double Strength, Leader, Aberration, Bestiary 2,260
6, Star-Mask Cult Puppet, Normal, Troop, Aberration, Bestiary 2,260
6, Stone Imp Reject, Normal, Mook, Construct, Eyes of the Stone Thief,47
6, Taranar Avalanche, Huge, Wrecker, Elemental, Bestiary 2,284
6, Terribly Hungry Star, Normal, Wrecker, Aberration, Eyes of the Stone Thief,51
6, The Miller, Double Strength, Spoiler, Undead, Eyes of the Stone Thief,283
6, Thunder Sorcerer, Normal, Caster, Humanoid, Eyes of the Stone Thief,336
6, Trog Shaman, Normal, Leader, Humanoid, Bestiary 2,276
6, Undead Librarian, Normal, Wrecker, Undead, Eyes of the Stone Thief,93
6, Vampire Spawn, Normal, Spoiler, Undead, 13th Age Core Rulebook,249
6, Vrock (Vulture Demon), Normal, Spoiler, Demon, 13th Age Core Rulebook,211
6, Waterhorse, Double Strength, Spoiler, Humanoid, Bestiary 2,199
6, Weretiger, Large, Troop, Beast, 13 True Ways,206
6, Wild Oread, Double Strength, Spoiler, Elemental, Bestiary 2,207
6, Winter Beast, Normal, Troop, Undead, Eyes of the Stone Thief,241
6, Wyrmtwine Worms, Normal, Mook, Dragon, Eyes of the Stone Thief,238
7, Animated Halberd, Normal, Mook, Construct, Eyes of the Stone Thief,231
7, Barbed Vines, Normal, Mook, Plant, Bestiary 2,25
7, Bergship Raider, Large, Spoiler, Giant, Bestiary,77
7, Big Air Elemental, Normal, Wrecker, Elemental, 13 True Ways,191
7, Big Earth Elemental, Normal, Blocker, Elemental, 13 True Ways,191
7, Big Fire Elemental, Normal, Wrecker, Elemental, 13 True Ways,191
7, Big Flux Elemental, Normal, Troop, Elemental, Bestiary 2,78
7, Big Water Elemental, Normal, Blocker, Elemental, 13 True Ways,191
7, Black Serpent Assassin, Normal, Spoiler, Humanoid, Eyes of the Stone Thief,212
7, Bonded Arcane Archer, Triple Strength, Archer, Construct, Bestiary 2,15
7, Bonded Hexknight, Triple Strength, Troop, Construct, Bestiary 2,15
7, Bronze Errant, Triple Strength, Blocker, Construct, Bestiary 2,114
7, Bronze Golem, Large, Blocker, Construct, Bestiary,100
7, Cave Mouth, Normal, Blocker, Aberration, Eyes of the Stone Thief,248
7, Cavernwight Spawn, Normal, Mook, Construct, Eyes of the Stone Thief,286
7, Cloud Giant Mage, Huge, Caster, Giant, 13 True Ways,165
7, Cloud Giant Magician, Huge, Caster, Giant, 13 True Ways,165
7, Cloud Giant Thane, Huge, Wrecker, Giant, 13 True Ways,165
7, Cloud Giant Warrior, Huge, Troop, Giant, 13 True Ways,165
7, Crustycap, Normal, Wrecker, Humanoid, Bestiary,176
7, Cult Enforcer, Normal, Blocker, Humanoid, Eyes of the Stone Thief,253
7, Cult Sorcerer, Normal, Caster, Humanoid, Eyes of the Stone Thief,261
7, Death Shade, Normal, Mook, Undead, Bestiary 2,230
7, Death-Bound Shade, Normal, Mook, Undead, Eyes of the Stone Thief,64
7, Derro Master-Sage, Normal, Caster, Humanoid, Eyes of the Stone Thief,91
7, Devil Of The Fangs, Huge, Spoiler, Devil, 13 True Ways,180
7, Dire Owlbear, Normal, Wrecker, Beast, Eyes of the Stone Thief,178
7, Dorfin The Thief, Normal, Spoiler, Humanoid, Eyes of the Stone Thief,216
7, Dreams Of The Devourer, Normal, Spoiler, Aberration, Eyes of the Stone Thief,266
7, Drow Darkbolt, Normal, Archer, Humanoid, Bestiary,59
7, Drunken Wizard, Normal, Caster, Humanoid, Eyes of the Stone Thief,235
7, Dungeon Marauder, Normal, Caster, Humanoid, Eyes of the Stone Thief,268
7, Dwarven Warrior, Normal, Troop, Humanoid, Eyes of the Stone Thief,235
7, Ebon Gauntlet Inquisitor, Double Strength, Leader, Humanoid, Bestiary 2,41
7, Elf Spectral Warrior, Normal, Troop, Undead, Eyes of the Stone Thief,143
7, Ethereal Dybbuk, Double Strength, Wrecker, Demon, Bestiary,65
7, Fallen Lammasu, Large, Wrecker, Beast, Bestiary,131
7, Fang Devil, Huge, Spoiler, Devil, 13 True Ways,180
7, Faun Outlaw, Normal, Troop, Humanoid, Bestiary 2,60
7, Faun Ranger, Normal, Archer, Humanoid, Bestiary 2,60
7, Feast-Goers, Normal, Mook, Humanoid, Eyes of the Stone Thief,235
7, Fell Dryad, Normal, Spoiler, Humanoid, Eyes of the Stone Thief,335
7, Fercrag, Double Strength, Wrecker, Humanoid, Eyes of the Stone Thief,322
7, Fire Giant Holy Warrior, Large, Troop, Giant, Bestiary 2,73
7, Fire Giant Smith, Large, Caster, Giant, Bestiary 2,74
7, Fomorian Top-Cannibal, Large, Wrecker, Giant, Bestiary 2,84
7, Frogspawn Old-One, Elite, Leader, Humanoid, Bestiary 2,100
7, Frost Giant, Large, Spoiler, Giant, 13th Age Core Rulebook,226
7, Gelatinous Dodecahedron, Huge, Blocker, Ooze, Bestiary,90
7, Gnoll Death Priest Acolyte, Normal, Mook, Humanoid, Eyes of the Stone Thief,225
7, Gnoll Fiendfletch, Normal, Archer, Humanoid, 13 True Ways,196
7, Gnoll Shredder, Normal, Blocker, Humanoid, 13 True Ways,196
7, Greater Ebon Gauntlet Sword, Normal, Troop, Humanoid, Bestiary 2,42
7, Harpy Diva, Double Strength, Spoiler, Humanoid, Eyes of the Stone Thief,61
7, Hellclam, Normal, Blocker, Demon, Eyes of the Stone Thief,119
7, Hellstone Gargoyle, Normal, Wrecker, Construct, Bestiary 2,139
7, Hezrou (Toad Demon), Large, Troop, Demon, 13th Age Core Rulebook,212
7, Hooded Devil, Normal, Troop, Devil, 13 True Ways,174
7, Ice Sorceress, Large, Caster, Giant, Bestiary,77
7, Jackal Priest, Elite, Wrecker, Humanoid, Bestiary 2,123
7, Kohwa Enforcer, Large, Troop, Beast, Bestiary 2,162
7, Koruku Symbiont, Normal, Spoiler, Humanoid, Bestiary 2,165
7, Lammasu Warrior, Large, Troop, Beast, Bestiary,131
7, Large Green Dragon, Large, Spoiler, Dragon, 13th Age Core Rulebook,220
7, Lesser Abomination, Normal, Mook, Aberration, Eyes of the Stone Thief,148
7, Lorgo, Normal, Wrecker, Giant, Eyes of the Stone Thief,117
7, Manafang Naga, Large, Leader, Beast, Bestiary,144
7, Masked Demon, Normal, Spoiler, Demon, Eyes of the Stone Thief,334
7, Medium Gold Dragon, Normal, Caster, Dragon, 13 True Ways,186
7, Melusine, Double Strength, Spoiler, Humanoid, Bestiary 2,200
7, Moon Dragon (White), Huge, Troop, Dragon, Bestiary,220
7, Necromagus, Normal, Caster, Undead, Eyes of the Stone Thief, 126/Td>
7, Odma The Seer, Double Strength, Caster, Humanoid, Eyes of the Stone Thief,322
7, Ogre Mage, Large, Caster, Giant, 13th Age Core Rulebook,240
7, Orc Rager, Normal, Mook, Humanoid, 13th Age Core Rulebook,242
7, Ogre Stalker, Large, Wrecker, Giant, Eyes of the Stone Thief,164
7, Orc Sniper, Normal, Archer, Humanoid, Eyes of the Stone Thief,288
7, Pale Lizard, Normal, Spoiler, Beast, Eyes of the Stone Thief,95
7, Phase Spider, Large, Wrecker, Beast, 13th Age Core Rulebook,244
7, Plague Zombies Ghost, Normal, Mook, Undead, Eyes of the Stone Thief,233
7, Princess Shatter, Normal, Leader, Humanoid, Eyes of the Stone Thief,216
7, Raging Wyvern, Normal, Wrecker, Beast, Eyes of the Stone Thief,286
7, Reaver, Double Strength, Spoiler, Humanoid, Bestiary 2,230
7, Redscale Fiery Vanquisher, Normal, Wrecker, Humanoid, Bestiary 2,176
7, River-Spirit, Double Strength, Spoiler, Humanoid, Bestiary 2,68
7, Sahuagin Priest, Normal, Caster, Humanoid, Eyes of the Stone Thief,108
7, Screaming Hoardling, Normal, Troop, Undead, Bestiary 2,114
7, Scrimshawed Skelepede, Normal, Wrecker, Undead, Eyes of the Stone Thief,66
7, Seven-Headed Hydra, Huge, Wrecker, Beast, 13th Age Core Rulebook,236
7, Sister Selra, Normal, Caster, Humanoid, Eyes of the Stone Thief,117
7, Snake Swarm, Normal, Mook, Beast, Eyes of the Stone Thief,213
7, Star-Mask Brainburster, Normal, Spoiler, Aberration, Bestiary 2,260
7, Star-Mask Brute, Large, Wrecker, Aberration, Bestiary 2,261
7, Summoned Ghoul, Normal, Mook, Humanoid, Bestiary 2,123
7, Swordapus, Normal, Wrecker, Beast, Eyes of the Stone Thief,105
7, Temple Lion, Large, Wrecker, Construct, Bestiary 2,130
7, Tempter, Double Strength, Blocker, Undead, Bestiary 2,249
7, The Architect, Double Strength, Caster, Construct, Eyes of the Stone Thief,85
7, The Flesh Tailor, Double Strength, Caster, Undead, Eyes of the Stone Thief,130
7, The Gravekeeper, Double Strength, Caster, Construct, Eyes of the Stone Thief,136
7, Theobald The Traitor, Normal, Wrecker, Construct, Eyes of the Stone Thief,136
7, Tomb Lord, Normal, Spoiler, Undead, Eyes of the Stone Thief,126
7, Tough Frenzy Demon, Normal, Wrecker, Demon, Eyes of the Stone Thief,119
7, Trog Chieftain, Normal, Leader, Humanoid, Bestiary 2,276
7, Twisted Soul, Double Strength, Spoiler, Undead, Bestiary 2,107
7, Tyrant Lizard, Large, Wrecker, Beast, Bestiary 2,272
7, Umluppuk, Huge, Spoiler, Aberration, Bestiary,69
7, Void Dragon (Black), Huge, Caster, Dragon, Bestiary,18
7, Volcano Dragon (Red), Large, Wrecker, Dragon, Bestiary,168
7, Wandering Hubris Devil, Huge, Wrecker, Devil, Bestiary 2,149
7, Wild Nereid, Double Strength, Spoiler, Elemental, Bestiary 2,208
8,"Carid, Reseeded", Triple Strength, Troop, Plant, 13 True Ways,254
8, Adult Remorhaz, Large, Wrecker, Beast, Bestiary,180
8, Akkad Demon, Normal, Troop, Demon, Eyes of the Stone Thief,231
8, Archivult King, Normal, Wrecker, Beast, Eyes of the Stone Thief,189
8, Armored Hill Giant, Normal, Troop, Giant, Eyes of the Stone Thief,158
8, Armored War Troll, Normal, Wrecker, Giant, Eyes of the Stone Thief,166
8, Artalin Shade, Normal, Troop, Undead, Eyes of the Stone Thief,233
8, Baleful Cyclops, Normal, Troop, Giant, Eyes of the Stone Thief,267
8, Black Skull, Normal, Caster, Undead, Bestiary,110
8, Blazing Shade, Normal, Spoiler, Demon, Eyes of the Stone Thief,111
8, Bloodweeds, Normal, Mook, Plant, Eyes of the Stone Thief,153
8, Bonded Prophet, Triple Strength, Leader, Construct, Bestiary 2,16
8, Bonded Warlock, Triple Strength, Caster, Construct, Bestiary 2,16
8, Briar Elf Stalker, Normal, Archer, Humanoid, Bestiary 2,27
8, Cambion Hellblade, Normal, Wrecker, Demon, Bestiary,32
8, Captain Bluescale, Normal, Leader, Humanoid, Eyes of the Stone Thief,117
8, Cats Of Rathell, Normal, Wrecker, Beast, Eyes of the Stone Thief,238
8, Chaos Hydra, Huge, Wrecker, Beast, Bestiary 2,153
8, Couatl, Large, Spoiler, Beast, Bestiary,52
8, Crowned Gargoyle, Normal, Wrecker, Construct, Eyes of the Stone Thief,319
8, Cult Acolyte, Normal, Mook, Humanoid, Eyes of the Stone Thief,253
8, Cult Assassin, Normal, Wrecker, Humanoid, Eyes of the Stone Thief,263
8, Cult Mummy, Double Strength, Wrecker, Undead, Eyes of the Stone Thief,248
8, Death Knight, Double Strength, Wrecker, Undead, Bestiary 2,249
8, Demonic Hunting Pig, Normal, Mook, Beast, Eyes of the Stone Thief,164
8, Drow Cave Stalker, Normal, Blocker, Humanoid, Eyes of the Stone Thief,141
8, Dwarf God Statue, Normal, Blocker, Construct, Eyes of the Stone Thief,55
8, Dwarf Vampire Priest, Normal, Caster, Undead, Eyes of the Stone Thief,217
8, Elder Swaysong Naga, Normal, Leader, Beast, Bestiary,144
8, Elfshades, Normal, Mook, Undead, Eyes of the Stone Thief,172
8, Fat Troll, Normal, Troop, Giant, Eyes of the Stone Thief,156
8, Fire Giant Priest-General, Elite Large, Leader, Giant, Bestiary 2,74
8, Flowstone Dragon, Normal, Blocker, Dragon, Eyes of the Stone Thief,263
8, Frost Giant Adventurer, Large, Spoiler, Giant, Bestiary,78
8, Fury Devil (Erinyes), Normal, Wrecker, Devil, 13 True Ways,175
8, Gatekeeper Mage, Normal, Caster, Humanoid, Eyes of the Stone Thief,286
8, Giant Jungle Stewpot Plant, Normal, Spoiler, Plant, Eyes of the Stone Thief,152
8, Giant Praying Mantis, Large, Blocker, Beast, 13 True Ways,161
8, Glabrezou (Pincer Demon), Large, Caster, Demon, 13th Age Core Rulebook,212
8, Godtick, Normal, Leader, Demon, Eyes of the Stone Thief,183
8, Golden Eye Necromancer, Triple Strength, Caster, Undead, Bestiary 2,249
8, Golden Serpent Warrior, Normal, Troop, Humanoid, Eyes of the Stone Thief,212
8, Great Minotaur, Triple Strength, Wrecker, Beast, Eyes of the Stone Thief,63
8, Great Xorn, Elite, Spoiler, Elemental, Bestiary 2,290
8, Greater Abomination, Normal, Wrecker, Aberration, Eyes of the Stone Thief,148
8, Greyface, Double Strength, Leader, Humanoid, Eyes of the Stone Thief,179
8, Grim Guardians, Normal, Leader, Undead, Eyes of the Stone Thief,126
8, Grimtusk, Double Strength, Leader, Beast, Eyes of the Stone Thief,177
8, Half-Orc Commander, Normal, Leader, Humanoid, 13th Age Core Rulebook,233
8, Horned Salamander, Huge, Troop, Elemental, Bestiary 2,234
8, Iconic Chimera, Large, Wrecker, Beast, Bestiary,42
8, Koruku Landkiller, Huge, Leader, Beast, Bestiary 2,166
8, Koruku Servitor, Normal, Mook, Beast, Bestiary 2,166
8, Lammasu Wizard, Large, Spoiler, Beast, Bestiary,132
8, Large Blue Dragon, Large, Caster, Dragon, 13th Age Core Rulebook,221
8, Laughing Demon, Normal, Troop, Beast, Bestiary 2,181
8, Lesser Archivult, Normal, Mook, Beast, Eyes of the Stone Thief,189
8, Lesser Stone Hand, Normal, Mook, Construct, Eyes of the Stone Thief,112
8, Lich Count, Double Strength, Spoiler, Undead, Bestiary,135
8, Lord Sunhammer, Normal, Wrecker, Humanoid, Eyes of the Stone Thief,235
8, Manymouth, Normal, Wrecker, Aberration, Eyes of the Stone Thief,242
9, Marble Golem, Large, Troop, Construct, Bestiary,101
8, Midhogg’S Brood, Normal, Mook, Dragon, Eyes of the Stone Thief,217
8, Mummy, Double Strength, Wrecker, Undead, 13 True Ways,197
8, Nascent Dungeon, Normal, Spoiler, Aberration, Eyes of the Stone Thief,238
8, Nix, Normal, Spoiler, Humanoid, Bestiary 2,200
8, Ogre Lightning Mage, Large, Caster, Giant, Bestiary,152
8, Orc Heavy Guard, Normal, Blocker, Humanoid, Eyes of the Stone Thief,288
8, Orc Veteran, Normal, Troop, Humanoid, Eyes of the Stone Thief,163
8, Orc War Spirit, Normal, Mook, Undead, Eyes of the Stone Thief,185
8, Orcish Piker, Normal, Troop, Humanoid, Eyes of the Stone Thief,192
8, Parasitic Lightning Beetle, Normal, Mook, Beast, Bestiary,164
8, Pet Thundercloud, Normal, Spoiler, Aberration, Eyes of the Stone Thief,329
8, Possessor Demon, Normal, Spoiler, Demon, Eyes of the Stone Thief,178
8, Prayer Wheel, Normal, Caster, Construct, Eyes of the Stone Thief,199
8, Purple Dragon (Champion), Huge, Caster, Dragon, Bestiary 2,186
8, Purple Larvae, Normal, Mook, Beast, Bestiary,165
8, Purple Worm, Huge, Wrecker, Beast, Bestiary,164
8, Rakshasa Delver, Double Strength, Caster, Humanoid, Bestiary 2,225
8, Remorhaz (Adult), Large, Wrecker, Beast, Bestiary,180
8, Ripper Clockworker, Normal, Mook, Construct, Eyes of the Stone Thief,199
8, Rootrot Mossmen, Normal, Caster, Plant, Eyes of the Stone Thief,238
8, Rotten Twigling, Normal, Mook, Plant, Eyes of the Stone Thief,144
8, Sahuagin Madfish, Normal, Wrecker, Humanoid, Eyes of the Stone Thief,111
8, Shadow Dragon, Large, Caster, Dragon, Bestiary,193
8, Shadow Mongoose Thief Of Fate, Normal, Spoiler, Spirit, Bestiary 2,241
8, Shadow Thief, Normal, Mook, Dragon, Bestiary,193
8, Shrieking Bowmen, Normal, Archer, Humanoid, Eyes of the Stone Thief,242
8, Shrieking Strangler, Normal, Mook, Humanoid, Eyes of the Stone Thief,249
8, Sourblood, Normal, Leader, Humanoid, Eyes of the Stone Thief,192
8, Spawn, Normal, Mook, Aberration, Eyes of the Stone Thief,324
8, Spellshadow, Normal, Mook, Aberration, Eyes of the Stone Thief,251
8, Stalwart Clockworker, Normal, Blocker, Construct, Eyes of the Stone Thief,198
8, Stone Brute, Normal, Troop, Construct, Eyes of the Stone Thief,172
8, Stone Giant, Large, Troop, Giant, 13th Age Core Rulebook,226
8, Stone Golem, Large, Blocker, Construct, 13th Age Core Rulebook,232
8, Stone Hands, Normal, Wrecker, Construct, Eyes of the Stone Thief,112
8, Stoneborn Orc, Normal, Mook, Humanoid, Eyes of the Stone Thief,165
8, Sublime Orc, Normal, Spoiler, Aberration, Eyes of the Stone Thief,268
8, Sunder Wraith, Normal, Blocker, Undead, Bestiary 2,267
8, Taranar Great Stone, Huge, Wrecker, Elemental, Bestiary 2,284
8, Taranar Warrior, Large, Spoiler, Elemental, Bestiary 2,284
8, The Celestial Guardian, Double Strength, Wrecker, Construct, Eyes of the Stone Thief,192
8, The Ghost Of Perido, Triple Strength, Caster, Undead, Eyes of the Stone Thief,170
8, The Witch Of Marblehall, Double Strength, Caster, Humanoid, Eyes of the Stone Thief,240
8, Thing In The Cave, Triple Strength, Wrecker, Aberration, Eyes of the Stone Thief,324
8, Thorn Creepers, Normal, Archer, Plant, Eyes of the Stone Thief,152
8, Titanic Abomination, Normal, Wrecker, Aberration, Eyes of the Stone Thief,149
8, Trog Underling, Normal, Mook, Humanoid, 13th Age Core Rulebook,247
8, Unseen Wardens, Normal, Spoiler, Demon, Eyes of the Stone Thief,255
8, Void Phoenix, Large, Spoiler, Elemental, Bestiary 2,217
8, Whitescale Blighter, Normal, Leader, Humanoid, Bestiary 2,176
8, Wyrmtwine Dragonlings, Normal, Wrecker, Dragon, Eyes of the Stone Thief,239
9,"Jac, Cult Agent", Normal, Spoiler, Humanoid, Eyes of the Stone Thief,193
9,"Pheig, Hag Grandmother", Double Strength, Spoiler, Humanoid, Eyes of the Stone Thief,156
9, Arkad Demon Sergeant, Normal, Leader, Demon, Eyes of the Stone Thief,231
9, Black Pudding, Huge, Wrecker, Ooze, 13th Age Core Rulebook,241
9, Blade Thrall, Double Strength, Spoiler, Humanoid, Eyes of the Stone Thief,201
9, Blind Uthe, Normal, Caster, Humanoid, Eyes of the Stone Thief,185
9, Bone Devil (Osyluth), Large, Troop, Devil, 13 True Ways,176
9, Briar Elf Warrior, Normal, Troop, Humanoid, Bestiary 2,28
9, Briar Tree, Normal, Leader, Plant, Bestiary 2,25
9, Chimera, Large, Wrecker, Beast, 13th Age Core Rulebook,209
9, Chryaxas The Cripple, Normal, Spoiler, Dragon, Eyes of the Stone Thief,196
9, Cult Champion, Double Strength, Wrecker, Humanoid, Eyes of the Stone Thief,253
9, Cult High Priest, Normal, Leader, Humanoid, Eyes of the Stone Thief,253
9, Deep Bulette, Huge, Wrecker, Beast, Bestiary,28
9, Despoiler Mage, Normal, Caster, Demon, 13th Age Core Rulebook,213
9, Djinn, Large, Spoiler, Giant, Bestiary,93
9, Dread Specter, Triple Strength, Wrecker, Undead, 13 True Ways,201
9, Drow Cavalry, Double Strength, Wrecker, Humanoid, Bestiary,59
9, Eidolon In Guardian Form, Triple Strength, Troop, Spirit, Bestiary 2,48
9, Elder Sparkscale Naga, Normal, Leader, Beast, Bestiary,145
9, Elder Wendigo, Huge, Spoiler, Demon, Bestiary,212
9, Elf Banshee, Normal, Caster, Undead, Eyes of the Stone Thief,144
9, Elite Orc Guard, Normal, Blocker, Humanoid, Eyes of the Stone Thief,166
9, Empyrean Dragon (Black), Huge, Spoiler, Dragon, Bestiary,18
9, Epic Air Elemental, Normal, Wrecker, Elemental, 13 True Ways,192
9, Epic Earth Elemental, Normal, Blocker, Elemental, 13 True Ways,192
9, Epic Fire Elemental, Normal, Wrecker, Elemental, 13 True Ways,193
9, Epic Haunting, Normal, Mook, Undead, Bestiary 2,108
9, Epic Water Elemental, Normal, Blocker, Elemental, 13 True Ways,193
9, Fangrot, Double Strength, Leader, Humanoid, Eyes of the Stone Thief,187
9, Fire Giant Pyromancer, Normal, Caster, Giant, Eyes of the Stone Thief,200
9, Fire Giant Warlord, Large, Leader, Giant, 13th Age Core Rulebook,227
9, Giant Vrock (Vulture Demon), Large, Spoiler, Demon, 13th Age Core Rulebook,214
9, Giant Zombie, Large, Mook, Undead, 13th Age Core Rulebook,251
9, Goblin Elite Scout, Normal, Mook, Humanoid, Eyes of the Stone Thief,300
9, Great Hubris Devil, Huge, Wrecker, Devil, Bestiary 2,149
9, Greater Flux Elemental, Normal, Troop, Undead, Bestiary 2,78
9, Greenscale Spineback, Normal, Spoiler, Humanoid, Bestiary 2,177
9, Guardian Statues, Normal, Troop, Construct, Eyes of the Stone Thief,208
9, Headless Zombie, Normal, Troop, Undead, 13 True Ways,207
9, Hoard Spirit, Normal, Mook, Construct, Bestiary,169
9, Hoardsong Dragon (Red), Large, Spoiler, Dragon, Bestiary,169
9, Hooked Demon, Normal, Mook, Demon, 13th Age Core Rulebook,213
9, Huge Black Dragon, Huge, Wrecker, Dragon, 13th Age Core Rulebook,221
9, Huge Bronze Dragon, Huge, Wrecker, Dragon, 13 True Ways,186
9, Ice Ape, Normal, Wrecker, Giant, Eyes of the Stone Thief,201
9, Jackal High Mage, Normal, Caster, Humanoid, Bestiary 2,123
9, Koruk The Invincible, Double Strength, Leader, Humanoid, Eyes of the Stone Thief,322
9, Lammasu Priest, Large, Caster, Beast, Bestiary,132
9, Large Copper Dragon, Large, Spoiler, Dragon, 13 True Ways,186
9, Master Blood Sorcerer, Normal, Caster, Humanoid, Eyes of the Stone Thief,300
9, Midhogg, Normal, Wrecker, Dragon, Eyes of the Stone Thief,217
9, Moon Serpent Sorcerer, Normal, Leader, Humanoid, Eyes of the Stone Thief,212
9, Nioba Shieldspinner, Double Strength, Leader, Humanoid, Eyes of the Stone Thief,142
9, Ogre Minion, Large, Mook, Giant, Bestiary,150
9, Orc Fanatics, Normal, Mook, Humanoid, Eyes of the Stone Thief,300
9, Pilgrim Shade, Normal, Mook, Undead, Eyes of the Stone Thief,207
9, Prismatic Ogre Mage, Large, Caster, Giant, Bestiary,153
9, Rakshasa Mastermind, Double Strength, Caster, Humanoid, Bestiary 2,225
9, Sahuagin King, Normal, Leader, Humanoid, Eyes of the Stone Thief,109
9, Secret Master, Double Strength, Caster, Humanoid, Eyes of the Stone Thief,254
9, Shade Of Benedict Artalin, Normal, Leader, Undead, Eyes of the Stone Thief,233
9, Shambling Undead Adventurer, Normal, Mook, Undead, Eyes of the Stone Thief,274
9, Skull Of The Beast, Large, Wrecker, Undead, Bestiary,110
9, Snakescale Horror, Normal, Troop, Humanoid, Eyes of the Stone Thief,203
9, Soul Flenser, Normal, Spoiler, Aberration, 13 True Ways,199
9, Spell Golem Mage Hunter, Large, Spoiler, Construct, Bestiary 2,253
9, Stone Brute Mooks, Normal, Mook, Construct, Eyes of the Stone Thief,277
9, Stone Sentinels, Normal, Blocker, Construct, Eyes of the Stone Thief,276
9, Thaumaunt, Normal, Caster, Aberration, Eyes of the Stone Thief,250
9, The Alabaster Sentinel, Normal, Troop, Construct, Eyes of the Stone Thief,206
9, The Curator, Double Strength, Caster, Construct, Eyes of the Stone Thief,215
9, The False Thief, Double Strength, Wrecker, Construct, Eyes of the Stone Thief,276
9, The Flensed, Normal, Mook, Aberration, 13 True Ways,200
9, The Provost, Triple Strength, Leader, Humanoid, Eyes of the Stone Thief,101
9, The Sorcerer, Normal, Caster, Humanoid, Eyes of the Stone Thief,159
9, Undead Cleric, Normal, Blocker, Undead, Eyes of the Stone Thief,274
9, Undead Fighter, Normal, Troop, Undead, Eyes of the Stone Thief,274
9, Undead Rogye, Normal, Wrecker, Undead, Eyes of the Stone Thief,274
9, Undead Wizard, Normal, Caster, Undead, Eyes of the Stone Thief,274
9, Vizier, Double Strength, Caster, Construct, Eyes of the Stone Thief,188
9, Wraith Bat, Normal, Mook, Undead, Bestiary,15
10, Azanth Choketongue, Normal, Caster, Humanoid, Eyes of the Stone Thief,294
10, Barbed Devil (Hamatula), Normal, Caster, Devil, 13 True Ways,176
10, Battle Wyvern, Normal, Wrecker, Beast, Eyes of the Stone Thief,301
10, Blackscale Light-Killer, Normal, Archer, Humanoid, Bestiary 2,177
10, Borys Firesword, Normal, Troops, Humanoid, Eyes of the Stone Thief,294
10, Briar Elf Sorcerer, Normal, Caster, Humanoid, Bestiary 2,27
10, Bronze Kingsguard, Normal, Blocker, Construct, Bestiary 2,115
10, Drao Of The Ghostlands, Normal, Caster, Humanoid, Eyes of the Stone Thief,295
10, Dusk Zorigami, Normal, Wrecker, Construct, Bestiary,225
10, Efreet, Large, Wrecker, Giant, Bestiary,93
10, Elder Manafang Naga, Normal, Leader, Beast, Bestiary,145
10, Ethumel Self-Conceived, Normal, Spoiler, Giant, Eyes of the Stone Thief,347
10, Fire Ape, Normal, Wrecker, Beast, Eyes of the Stone Thief,346
10, Fomori Tyrant, Normal, Spoiler, Aberration, Bestiary 2,85
10, Frenzied Wolf Pack, Normal, Mook, Humanoid, Bestiary 2,92
10, Grandmother, Triple Strength, Caster, Humanoid, Bestiary 2,69
10, Great Fang Cadre (Orc), Normal, Mook, Humanoid, 13th Age Core Rulebook,242
10, Greater Summoned Ghoul, Normal, Mook, Undead, Bestiary 2,125
10, Gruesome Death Shade, Normal, Mook, Undead, Bestiary 2,231
10, Gruesome Reaver, Double Strength, Spoiler, Undead, Bestiary 2,231
10, Haron Of Stoneroost, Normal, Wrecker, Humanoid, Eyes of the Stone Thief,296
10, Hellwarped Brute, Huge, Wrecker, Aberration, Bestiary 2,142
10, Iron Golem, Large, Wrecker, Construct, 13th Age Core Rulebook,232
10, Jackal High Priest, Double Strength, Leader, Humanoid, Bestiary 2,124
10, Large Red Dragon, Large, Wrecker, Dragon, 13th Age Core Rulebook,222
10, Large Silver Dragon, Large, Spoiler, Dragon, 13 True Ways,187
10, Laurende Witherleaf, Normal, Archer, Humanoid, Eyes of the Stone Thief,296
10, Loyal Gatherer, Normal, Mook, Undead, Bestiary 2,115
10, Massive Mutant Chuul, Huge, Wrecker, Aberration, Bestiary,48
10, Master Throatcutter, Double Strength, Wrecker, Humanoid, Eyes of the Stone Thief,299
10, Most Hungry Ghost, Normal, Blocker, Undead, Bestiary 2,108
10, Nalfeshnee (Boar Demon), Large, Caster, Demon, 13th Age Core Rulebook,214
10, Opportunistic Orc Band, Normal, Mook, Humanoid, Bestiary 2,92
10, Rakshasa Saint, Double Strength, Caster, Humanoid, Bestiary 2,227
10, River Devil, Normal, Wrecker, Devil, 13 True Ways,180
10, Royal Bearer, Normal, Caster, Undead, Bestiary 2,115
10, Sea Kraken, Normal, Wrecker, Aberration, Eyes of the Stone Thief,346
10, Spawn Of The Master (Vampire), Normal, Mook, Undead, 13th Age Core Rulebook,249
10, Star-Mask Floating Brain, Normal, Mook, Aberration, Bestiary 2,261
10, Storm Giant Sage, Normal, Archer, Giant, Eyes of the Stone Thief,329
10, Tara Zalbera, Normal, Spoiler, Humanoid, Eyes of the Stone Thief,295
10, The First Master, Triple Strength, Wrecker, Humanoid, Eyes of the Stone Thief,223
10, The Gilded Singer, Normal, Spoiler, Construct, Eyes of the Stone Thief,297
10, The Spellblight, Normal, Caster, Humanoid, Eyes of the Stone Thief,298
10, The Stone Thief (Dungeon Dragon), Normal, Wrecker, Dragon, Eyes of the Stone Thief,356
10, Treant Titan, Large, Spoiler, Plant, 13 True Ways,203
10, Vampire, Normal, Spoiler, Undead, 13th Age Core Rulebook,248
11, Barrier Beast, Huge, Spoiler, Beast, Bestiary 2,90
11, Bluescale Orbbearer, Normal, Caster, Humanoid, Bestiary 2,178
11, Briar Elf Assassin, Normal, Archer, Humanoid, Bestiary 2,28
11, Elder Couatl, Large, Spoiler, Beast, Bestiary,53
11, Epic Flux Elemental, Normal, Troop, Elemental, Bestiary 2,79
11, Fanatical Druid Circle, Normal, Mook, Humanoid, Bestiary 2,92
11, Great Sunder Wraith, Normal, Blocker, Undead, Bestiary 2,267
11, Greathoard Elder (Red), Huge, Wrecker, Dragon, Bestiary,170
11, Huge Copper Dragon, Huge, Spoiler, Dragon, 13 True Ways,187
11, Huge Green Dragon, Huge, Spoiler, Dragon, 13th Age Core Rulebook,222
11, Ice Devil (Gelugon), Normal, Leader, Devil, 13 True Ways,177
11, Large Gold Dragon, Large, Caster, Dragon, 13 True Ways,187
11, Medusa Noble, Double Strength, Caster, Humanoid, 13th Age Core Rulebook,239
11, Militant Ranger Squad, Normal, Mook, Humanoid, Bestiary 2,92
11, Rakshasa Magician, Normal, Caster, Humanoid, Bestiary 2,227
11, Remorhaz (Queen), Large, Wrecker, Beast, Bestiary,180
12, Ancient Purple Worm, Huge, Wrecker, Beast, Bestiary,164
12, Ankyroth, Normal, Archer, Giant, Eyes of the Stone Thief,330
12, Briar Elf Sovereign, Double Strength, Leader, Humanoid, Bestiary 2,29
12, Colossal Hubris Devil, Huge, Wrecker, Devil, Bestiary 2,149
12, Flamewreathed Dragon (Red), Huge, Spoiler, Dragon, Bestiary,170
12, Fomori Torturer, Normal, Spoiler, Aberration, Bestiary 2,86
12, Great Ghoul'S Maw, Huge, Wrecker, Undead, Bestiary 2,124
12, Horned Devil (Cornugon), Large, Troop, Devil, 13 True Ways,177
12, Huge Blue Dragon, Huge, Caster, Dragon, 13th Age Core Rulebook,222
12, Lich Prince, Double Strength, Spoiler, Undead, Bestiary,136
12, Marilith (Serpent Demon), Large, Troop, Demon, 13th Age Core Rulebook,215
12, Purple Dragon (Epic), Huge, Caster, Dragon, Bestiary 2,187
12, Pyroclastic Salamander, Huge, Troop, Elemental, Bestiary 2,235
12, Redscale Flamewing, Normal, Wrecker, Humanoid, Bestiary 2,178
12, Smoke Minions, Normal, Mook, Construct, Bestiary,171
12, Solar Phoenix, Large, Caster, Elemental, Bestiary 2,218
12, Star-Mask Brain Zealot, Normal, Archer, Aberration, Bestiary 2,262
12, Star-Mask Omnipotent Brain, Huge, Caster, Aberration, Bestiary 2,262
12, Treant Avenger, Normal, Mook, Plant, Bestiary 2,92
13, Balor (Flame Demon), Large, Wrecker, Demon, 13th Age Core Rulebook,215
13, Hagunemnon, Large, Wrecker, Aberration, Bestiary,69
13, Huge Red Dragon, Huge, Wrecker, Dragon, 13th Age Core Rulebook,223
13, Huge Silver Dragon, Huge, Spoiler, Dragon, 13 True Ways,188
13, River Devil Minion, Normal, Mook, Devil, 13 True Ways,181
13, The Final Devil, Huge, Leader, Devil, 13 True Ways,181
13, The Gold King, Triple Strength, Spoiler, Humanoid, Bestiary 2,116
14, Huge Gold Dragon, Huge, Caster, Dragon, 13 True Ways,188
14, Pit Fiend, Huge, Wrecker, Devil, 13 True Ways,178
14, Star-Brain Dungeon Heart, Huge, Wrecker, Aberration, Bestiary 2,262
14, The Forest That Walks, Huge, Spoiler, Beast, Bestiary 2,91
15, Tarrasque, Huge, Wrecker, Beast, Bestiary,201
3,"Kella",Double-strength,wrecker,humanoid,The Crown Commands,13
4,"Palg",Normal,wrecker,humanoid,The Crown Commands,16
2,"Talons",Normal,spoiler,beast,The Crown Commands,16
3,"Dwarf Malcontent",Normal,troop,humanoid,The Crown Commands,17
3,"Dwarf Sharpshooter",Double-strength,archer,humanoid,The Crown Commands,20
2,"Clockwork Automaton",Normal,troop,construct,The Crown Commands,20
4,"Azer Soldier",Normal,troop,humanoid,The Crown Commands,25
5,"Gearwork Automaton",Normal,troop,construct,The Crown Commands,25
5,"Molkides, Cyclops Smith",Large,wrecker,giant,The Crown Commands,29
5,"Gearwork Gatlinger",Normal,archer,construct,The Crown Commands,29
4,"Azer Soldier",Normal,troop,humanoid,The Crown Commands,29
7,"Xeromas, Fire Giant Engineer",Large,archer,giant,The Crown Commands,32
9,"Drow Cavalry",Double-strength,wrecker,humanoid,The Crown Commands,38
8,"Drow Mercenary",Normal,troop,humanoid,The Crown Commands,39
9,"Epic Fire Elemental",Normal,wrecker,elemental,The Crown Commands,42
10,"Urstoll, Fire Giant Warlord",Large,leader,giant,The Crown Commands,46
8,"Fire Giant",Large,wrecker,giant,The Crown Commands,46
10,"Karlag, Large Red Dragon",Large,wrecker,dragon,The Crown Commands,46
9,"Ogre Minion",Large,mook,humanoid,The Crown Commands,47
10,"Iron Golem",Large,wrecker,construct,The Crown Commands,47
3,"Pixie Pod",Double-strength,leader,plant,The Crown Commands,53
3,"Podling",Normal,mook,plant,The Crown Commands,53
3,"Hidden Ankheg",Large,troop,beast,The Crown Commands,53
3,"Redcap",Normal,wrecker,humanoid,The Crown Commands,57
6,"Crimsoncap",Normal,spoiler,humanoid,The Crown Commands,57
3,"Wood Elf",Normal,mook,humanoid,The Crown Commands,64
3,"Redcap",Normal,wrecker,humanoid,The Crown Commands,64
4,"Forest Hunger-Spirit",Normal,spoiler,undead,The Crown Commands,64
8,"Corrupted Forest Spirit",Huge,spoiler,elemental,The Crown Commands,70
7,"Mist Monster",Normal,mook,elemental,The Crown Commands,70
6,"Drow Spider-Sorceress",Normal,caster,humanoid,The Crown Commands,72
7,"Drow Darkbolt",Normal,archer,humanoid,The Crown Commands,73
6,"Spider Mount",Normal,troop,beast,The Crown Commands,39
6,"Ulla the Hag",Normal,spoiler,humanoid,The Crown Commands,76
6,"Drow Blood Thrall",Normal,mook,humanoid,The Crown Commands,77
7,"Crustycap",Normal,wrecker,humanoid,The Crown Commands,77
9,"Monstrous Topiary",Large,wrecker,construct,The Crown Commands,77
13,"Shadowscale Assassin",Normal,mook,humanoid,The Crown Commands,83
13,"Quarvolg, Huge Green Dragon",Huge,spoiler,dragon,The Crown Commands,86
5,"Drow Joker Spellslinger",Normal,caster,humanoid,The Crown Commands,93
5,"Half-orc Lizard Trainer",Normal,leader,humanoid,The Crown Commands,96
4,"Wererat Sneak",Normal,mook,beast,The Crown Commands,99
4,"Gelatinous Tetrahedron",Huge,blocker,ooze,The Crown Commands,99
4,"Human Malcontent",Normal,troop,humanoid,The Crown Commands,102
4,"Tarius Rolle, Honey Devil",Normal,troop,devil,The Crown Commands,102
5,"Ols Maksun, Werebear Druid",Large,caster,humanoid,The Crown Commands,107
6,"Dust Devil",Normal,mook,elemental,The Crown Commands,107
7,"Cave Bear",Large,wrecker,beast,The Crown Commands,107
5,"Ettin",Large,troop,giant,The Crown Commands,109
6,"Hobgoblin Champion",Normal,leader,humanoid,The Crown Commands,109
5,"Hobgoblin Elite Warrior",Normal,troop,humanoid,The Crown Commands,109
6,"Drow Sword Adept",Double-strength,troop,humanoid,The Crown Commands,112
7,"Elastor Var, Necromancer",Normal,caster,humanoid,The Crown Commands,113
8,"Kelm, Dragonic Champion",Double-strength,wrecker,humanoid,The Crown Commands,113
6,"Specter",Double-strength,wrecker,undead,The Crown Commands,114
11,"House Guard",Normal,troop,humanoid,The Crown Commands,119
11,"Gladiator-in-Training",Normal,mook,humanoid,The Crown Commands,119
11,"Evra, Master of Gladiators",Triple-strength,wrecker,humanoid,The Crown Commands,119
10,"Alchemical Wight",Normal,spoiler,undead,The Crown Commands,122
11,"Deathshard Skeleton",Normal,mook,undead,The Crown Commands,125
9,"Dread Specter",Triple-strength,wrecker,undead,The Crown Commands,126
2,"Skeletal Guardian",Normal,troop,undead,The Crown Commands,131
3,"Skeletal Priest",Normal,spoiler,undead,The Crown Commands,131
2,"Hungry Ghoul",Normal,spoiler,undead,The Crown Commands,135
2,"Death Priest Wight",Normal,spoiler,undead,The Crown Commands,138
4,"Martuk, Death Priest Wight",Normal,spoiler,undead,The Crown Commands,138
2,"Death Acolyte",Normal,mook,undead,The Crown Commands,138
2,"Wormtongue Zombie",Double-strength,archer,undead,The Crown Commands,141
3,"Restless Dead",Normal,mook,undead,The Crown Commands,141
7,"Greater Wraith",Normal,spoiler,undead,The Crown Commands,146
4,"Wight",Normal,spoiler,undead,The Crown Commands,146
7,"Kythiss’nar, Bone Naga",Large,spoiler,undead,The Crown Commands,152
5,"Flaming Skull",Normal,caster,undead,The Crown Commands,152
5,"Skeletal Guardian",Normal,mook,undead,The Crown Commands,152
8,"Cornellion, Lich Count",Double-strength,spoiler,undead,The Crown Commands,156
6,"Mirror Golem",Normal,blocker,construct,The Crown Commands,156
5,"Fossilized Skeleton",Normal,mook,undead,The Crown Commands,156
10,"Wyvern Ghoul",Large,wrecker,undead,The Crown Commands,161
9,"Zombie Slave",Normal,troop,undead,The Crown Commands,161
10,"Spawn of the Master",Normal,mook,undead,The Crown Commands,161
11,"Kolaris, Medusa Noble",Double-strength,caster,humanoid,The Crown Commands,165
10,"Spawn of the Master",Normal,mook,undead,The Crown Commands,166
11,"Rahlia, Vampire Lord",Double-strength,spoiler,undead,The Crown Commands,169
9,"Zombie Slave",Normal,troop,undead,The Crown Commands,170
10,"Elder Blood Rose",Double-strength,wrecker,plant,The Crown Commands,170
11,"Rahlia, Vampire Lord",Double-strength,spoiler,undead,The Crown Commands,174
9,"Navernos Wraith",Normal,spoiler,undead,The Crown Commands,174
10,"Spawn of the Master",Normal,mook,undead,The Crown Commands,174
3,"Malsurn",Normal,spoiler,humanoid,The Crown Commands,13
2,"Dwarven Warrior",Normal,troop,humanoid,The Crown Commands,13
4,"Celeste",Normal,wrecker,humanoid,The Crown Commands,17
2,"Hired Thug",Normal,spoiler,beast,The Crown Commands,17
2,"Dwarf Housecarls",Normal,mook,humanoid,The Crown Commands,20
3,"Cyclops Assistant",Normal,troop,humanoid,The Crown Commands,33
3,"Gearwork Champion",Double-strength,archer,humanoid,The Crown Commands,33
2,"Gearwork Dwarf",Normal,troop,construct,The Crown Commands,33
4,"Drow Wizard",Normal,troop,humanoid,The Crown Commands,39
5,"Ogre Bucket Brigadier",Normal,troop,construct,The Crown Commands,42
5,"Molting Owlbear",Large,wrecker,giant,The Crown Commands,60
5,"Owlbear Cub",Normal,archer,construct,The Crown Commands,60
4,"Drow Cavalry",Normal,troop,humanoid,The Crown Commands,73
7,"Spider Mount",Large,archer,giant,The Crown Commands,73
5,"Djinn Prince",Large,troop,giant,The Crown Commands,83
5,"Redscale Reaver",Normal,mook,construct,The Crown Commands,83
9,"Blue Sorcerer Master (Kobold)",Double-strength,wrecker,humanoid,The Crown Commands,86
6,"Blackscale Spitter",Normal,troop,beast,The Crown Commands,87
10,"Green Wyrmling",Normal,caster,humanoid,The Crown Commands,87
8,"Drow Joker Blade",Normal,troop,humanoid,The Crown Commands,93
9,"Weaver Swarm",Large,mook,humanoid,The Crown Commands,93
9,"Half-orc Mercenary",Normal,wrecker,elemental,The Crown Commands,96
10,"Snapper",Large,leader,giant,The Crown Commands,96
8,"Larst,Wererat Pack Leader",Large,wrecker,giant,The Crown Commands,99
10,"Bearded Devil (Barbazu)",Large,wrecker,dragon,The Crown Commands,102
9,"Wraith",Large,mook,humanoid,The Crown Commands,114
10,"Pheliria, Necromancer",Large,wrecker,construct,The Crown Commands,122
3,"Gladiator Champion Bodyguard",Double-strength,leader,plant,The Crown Commands,122
3,"Pheliria, Necromancer",Normal,mook,plant,The Crown Commands,125
3,"Xavius, Death Knight",Normal,wrecker,humanoid,The Crown Commands,125
6,"Ghoul Pusbuster",Normal,spoiler,humanoid,The Crown Commands,135
4,"Wraith",Large,spoiler,beast,The Crown Commands,146
4,"Zombie Drider",Normal,mook,beast,The Crown Commands,149
3,"Drow Wight",Normal,mook,humanoid,The Crown Commands,149
3,"Nalfazar, Knight of the Crimson Rose",Normal,wrecker,humanoid,The Crown Commands,166
4,"Elder Death Blossom",Normal,spoiler,undead,The Crown Commands,170
